publisher	publisher_synonyms	journal_title	permission_name	permission_type	attribution_text	can_display_images	start_year	end_year	link_notes	skip	skip_reason
Cold Spring Harbor Laboratory Press	Cold Spring Harbor Press (Cold Spring Harbor, NY)|Cold Spring Harbor Laboratory.|Cold Spring Harbor Laboratory,|Cold Spring Harbor Laboratory Press,|Cold Spring Harbor Laboratory Press (Plainview, NY)|Cold Spring Harbor Laboratory Press (Cold Spring Harbor, NY)|Cold Spring Harbor Laboratory Press|Cold Spring Harbor Laboratory	Genome Research	Cold Spring Harbor Laboratory Press: full permission	discuss with Connie	Reproduced with permission, from <Article_URL>, <Publication_year>, <Journal_URL>. © <Publisher_name>	yes				yes	red in working-group sheet: permission type statement not yet agreed (discuss with Connie)
Cold Spring Harbor Laboratory Press	Cold Spring Harbor Press (Cold Spring Harbor, NY)|Cold Spring Harbor Laboratory.|Cold Spring Harbor Laboratory,|Cold Spring Harbor Laboratory Press,|Cold Spring Harbor Laboratory Press (Plainview, NY)|Cold Spring Harbor Laboratory Press (Cold Spring Harbor, NY)|Cold Spring Harbor Laboratory Press|Cold Spring Harbor Laboratory	RNA	Cold Spring Harbor Laboratory Press: full permission	discuss with Connie	Reproduced with permission, from <Article_URL>, <Publication_year>, <Journal_URL>. © <Publisher_name>	yes				yes	red in working-group sheet: permission type statement not yet agreed (discuss with Connie)
Cold Spring Harbor Laboratory Press	Cold Spring Harbor Press (Cold Spring Harbor, NY)|Cold Spring Harbor Laboratory.|Cold Spring Harbor Laboratory,|Cold Spring Harbor Laboratory Press,|Cold Spring Harbor Laboratory Press (Plainview, NY)|Cold Spring Harbor Laboratory Press (Cold Spring Harbor, NY)|Cold Spring Harbor Laboratory Press|Cold Spring Harbor Laboratory	Genes & Development	Cold Spring Harbor Laboratory Press: full permission	discuss with Connie	Reproduced with permission, from <Article_URL>, <Publication_year>, <Journal_URL>. © <Publisher_name>	yes				yes	red in working-group sheet: permission type statement not yet agreed (discuss with Connie)
Institute Of Systematics And Evolution Of Animals (Folia Biologica)	Institute Of Systematics And Evolution Of Animals	Folia Biologica	Institute Of Systematics And Evolution Of Animals: resource open access	resource open access	Reproduced with permission, from <Article_URL>, <Publication_year>, <Journal_URL>. © <Publisher_name>	yes	2001		Coverage > year 2000 per the working-group sheet; Jon is confirming coverage and the MOD-to-Alliance transfer with the publisher.	yes	journal identity unresolved: the ABC resource also carries an old grant naming Charles Univ Prague, the publisher of Folia Biologica (Praha), a different journal; awaiting confirmation from the publisher (Jon/Jan Zivny) before loading
Oxford University Press (Genetics/G3)	Oxford University Press	Genetics	Genetics: full permission (journal grant, not OUP)	full permission only for Genetics	Reproduced with permission, from <Article_URL>, <Publication_year>, <Journal_URL>. © <Publisher_name>	yes			Permission granted by the Genetics journal itself, not by Oxford University Press; no other OUP journals are covered.		
Oxford University Press (Genetics/G3)	Oxford University Press	G3	G3: full permission (journal grant, not OUP)	full permission only for G3	Reproduced with permission, from <Article_URL>, <Publication_year>, <Journal_URL>. © <Publisher_name>	yes			Permission granted by the G3 journal itself, not by Oxford University Press; no other OUP journals are covered.		
Portland Press	Portland Press|Portland Press (London)|Portland Press Limited on behalf of the Biochemical Society,|Portland Press on behalf of the Biochemical Society|Portland Press on behalf of the Medical Research Society and the Biochemical Society|Portland Press,|Portland Press, London|Published by Portland Press on behalf of the Biochemical Society	Biochem J	Portland Press: full permission	full permission	Reproduced with permission, from <Article_URL>, <Publication_year>, <Journal_URL>. © <Publisher_name>	yes					
Portland Press	Portland Press|Portland Press (London)|Portland Press Limited on behalf of the Biochemical Society,|Portland Press on behalf of the Biochemical Society|Portland Press on behalf of the Medical Research Society and the Biochemical Society|Portland Press,|Portland Press, London|Published by Portland Press on behalf of the Biochemical Society	Clin Sci (Lond)	Portland Press: full permission	full permission	Reproduced with permission, from <Article_URL>, <Publication_year>, <Journal_URL>. © <Publisher_name>	yes					
Portland Press	Portland Press|Portland Press (London)|Portland Press Limited on behalf of the Biochemical Society,|Portland Press on behalf of the Biochemical Society|Portland Press on behalf of the Medical Research Society and the Biochemical Society|Portland Press,|Portland Press, London|Published by Portland Press on behalf of the Biochemical Society	Bioscience Reports	Portland Press: full permission	full permission	Reproduced with permission, from <Article_URL>, <Publication_year>, <Journal_URL>. © <Publisher_name>	yes					
Portland Press	Portland Press|Portland Press (London)|Portland Press Limited on behalf of the Biochemical Society,|Portland Press on behalf of the Biochemical Society|Portland Press on behalf of the Medical Research Society and the Biochemical Society|Portland Press,|Portland Press, London|Published by Portland Press on behalf of the Biochemical Society	Biochemical Society Transactions	Portland Press: full permission	full permission	Reproduced with permission, from <Article_URL>, <Publication_year>, <Journal_URL>. © <Publisher_name>	yes					
Portland Press	Portland Press|Portland Press (London)|Portland Press Limited on behalf of the Biochemical Society,|Portland Press on behalf of the Biochemical Society|Portland Press on behalf of the Medical Research Society and the Biochemical Society|Portland Press,|Portland Press, London|Published by Portland Press on behalf of the Biochemical Society	Essays in Biochemistry	Portland Press: full permission	full permission	Reproduced with permission, from <Article_URL>, <Publication_year>, <Journal_URL>. © <Publisher_name>	yes					
Portland Press	Portland Press|Portland Press (London)|Portland Press Limited on behalf of the Biochemical Society,|Portland Press on behalf of the Biochemical Society|Portland Press on behalf of the Medical Research Society and the Biochemical Society|Portland Press,|Portland Press, London|Published by Portland Press on behalf of the Biochemical Society	Emerging Topics in Life Sciences	Portland Press: full permission	full permission	Reproduced with permission, from <Article_URL>, <Publication_year>, <Journal_URL>. © <Publisher_name>	yes					
Rockefeller University Press	Rockefeller University Press|Rockefeller University Press,|Rockefeller University Press (New York)	The Journal of Cell Biology	Rockefeller University Press: full permission	full permission	Reproduced with permission, from <Article_URL>, <Publication_year>, <Journal_URL>. © <Publisher_name>	yes					
Rockefeller University Press	Rockefeller University Press|Rockefeller University Press,|Rockefeller University Press (New York)	The Journal of Experimental Medicine	Rockefeller University Press: full permission	full permission	Reproduced with permission, from <Article_URL>, <Publication_year>, <Journal_URL>. © <Publisher_name>	yes					
Rockefeller University Press	Rockefeller University Press|Rockefeller University Press,|Rockefeller University Press (New York)	J Gen Physiol	Rockefeller University Press: full permission	full permission	Reproduced with permission, from <Article_URL>, <Publication_year>, <Journal_URL>. © <Publisher_name>	yes					
Rockefeller University Press	Rockefeller University Press|Rockefeller University Press,|Rockefeller University Press (New York)	Journal of Human Immunity	Rockefeller University Press: full permission	full permission	Reproduced with permission, from <Article_URL>, <Publication_year>, <Journal_URL>. © <Publisher_name>	yes					
Rockefeller University Press	Rockefeller University Press|Rockefeller University Press,|Rockefeller University Press (New York)	Life Science Alliance	Rockefeller University Press: full permission	full permission	Reproduced with permission, from <Article_URL>, <Publication_year>, <Journal_URL>. © <Publisher_name>	yes					
The Company of Biologists	Company of Biologists|Company Of Biologists|The Company of Biologists|Company Of Biologists Limited|Company of Biologists Ltd.|Company of Biologists Ltd. (Cambridge)	Biology Open	The Company of Biologists: full permission	full permission (need to mention past articles)	Reproduced with permission, from <Article_URL>, <Publication_year>, <Journal_URL>. © <Publisher_name>	yes			Working-group sheet: full permission (need to mention past articles).	yes	red in working-group sheet: permission type statement not yet agreed (full permission, need to mention past articles)
The Company of Biologists	Company of Biologists|Company Of Biologists|The Company of Biologists|Company Of Biologists Limited|Company of Biologists Ltd.|Company of Biologists Ltd. (Cambridge)	Development (Cambridge, England)	The Company of Biologists: full permission	full permission (need to mention past articles)	Reproduced with permission, from <Article_URL>, <Publication_year>, <Journal_URL>. © <Publisher_name>	yes			Working-group sheet: full permission (need to mention past articles).	yes	red in working-group sheet: permission type statement not yet agreed (full permission, need to mention past articles)
The Company of Biologists	Company of Biologists|Company Of Biologists|The Company of Biologists|Company Of Biologists Limited|Company of Biologists Ltd.|Company of Biologists Ltd. (Cambridge)	Disease Models & Mechanisms	The Company of Biologists: full permission	full permission (need to mention past articles)	Reproduced with permission, from <Article_URL>, <Publication_year>, <Journal_URL>. © <Publisher_name>	yes			Working-group sheet: full permission (need to mention past articles).	yes	red in working-group sheet: permission type statement not yet agreed (full permission, need to mention past articles)
The Company of Biologists	Company of Biologists|Company Of Biologists|The Company of Biologists|Company Of Biologists Limited|Company of Biologists Ltd.|Company of Biologists Ltd. (Cambridge)	Journal of Cell Science	The Company of Biologists: full permission	full permission (need to mention past articles)	Reproduced with permission, from <Article_URL>, <Publication_year>, <Journal_URL>. © <Publisher_name>	yes			Working-group sheet: full permission (need to mention past articles).	yes	red in working-group sheet: permission type statement not yet agreed (full permission, need to mention past articles)
The Company of Biologists	Company of Biologists|Company Of Biologists|The Company of Biologists|Company Of Biologists Limited|Company of Biologists Ltd.|Company of Biologists Ltd. (Cambridge)	The Journal of Experimental Biology	The Company of Biologists: full permission	full permission (need to mention past articles)	Reproduced with permission, from <Article_URL>, <Publication_year>, <Journal_URL>. © <Publisher_name>	yes			Working-group sheet: full permission (need to mention past articles).	yes	red in working-group sheet: permission type statement not yet agreed (full permission, need to mention past articles)
Society of Neuroscience	Society for Neuroscience|Society for Neuroscience,	J Neurosci	Society for Neuroscience: copyright statement (pre-2010)	copyright statement required	Copyright <Publication_year> Society for Neuroscience	yes		2009	J Neurosci Vols. 1-29: include the copyright statement.		
Society of Neuroscience	Society for Neuroscience|Society for Neuroscience,	J Neurosci	Society for Neuroscience: CC-BY-NC-SA 3.0 (2010-2014)	CC-BY-NC-SA 3.0	Reproduced with permission, from <Article_URL>, <Publication_year>, <Journal_URL>. © <Publisher_name>	yes	2010	2014	J Neurosci Vols. 30-34, CC-BY-NC-SA 3.0; SfN does not intend to enforce the noncommercial clause.		
Society of Neuroscience	Society for Neuroscience|Society for Neuroscience,	J Neurosci	Society for Neuroscience: CC-BY 4.0 (2015-2025)	CC-BY 4.0	Reproduced with permission, from <Article_URL>, <Publication_year>, <Journal_URL>. © <Publisher_name>	yes	2015	2025	J Neurosci Vols. 35-45. SfN guidance says 'from 2014 to 2025, inclusive'; 2014 is kept in the CC-BY-NC-SA range here, correct after the working group settles the boundary.		
Society of Neuroscience	Society for Neuroscience|Society for Neuroscience,	J Neurosci	Society for Neuroscience: CC-BY 4.0 (Open Access, 2026-)	CC-BY 4.0 (Open Access content)	Reproduced with permission, from <Article_URL>, <Publication_year>, <Journal_URL>. © <Publisher_name>	yes	2026		Open Access content published after Dec. 31, 2025 only.		
Society of Neuroscience	Society for Neuroscience|Society for Neuroscience,	J Neurosci	Society for Neuroscience: exclusive license (non-OA, 2026-)	SfN exclusive license (non-Open Access content)	Non-Open Access content published after Dec. 31, 2025 is published under an SfN exclusive license. Email jnpermissions@sfn.org to request reuse of this content.	no	2026		Non-Open Access content published after Dec. 31, 2025 only; per-article OA status decides whether this or the CC-BY 4.0 grant applies.		
Society of Neuroscience	Society for Neuroscience|Society for Neuroscience,	eNeuro	Society for Neuroscience: eNeuro (pending)	pending	Reproduced with permission, from <Article_URL>, <Publication_year>, <Journal_URL>. © <Publisher_name>	yes				yes	SfN permission statement is blank in the working-group sheet and the date-based guidance covers J Neurosci volumes only; awaiting working-group decision for eNeuro
